clbg_problem,Class_Names,Method_name,methodScope,methodType,nameLen,isOverloaded,methodLoc,#for,#while,#do,#nestedLoops,#if,#switch,#case,#return,#throw,#catch,cyclo,#vars,#methodCalls,methodCallNames,internalCallsList,externalCallsList,#internalCalls,#externalCalls,usesJavaUtil,usesJavaLangThread,usesJavaUtilConcurrent,usesJavaIo,usesJavaNio,usesJavaNioChannels,usesJavaNioFile,usesJavaNioCharset,usesJavaNet,usesJavaxNetSsl,usesJavaLang,usesJavaLangManagement,usesJavaUtilRegex,usesJavaText,usesJavaMath,url,N_small,N_large,N_medium,command_line,energy,execution_time
binarytrees_v2,binarytrees_v2,binarytrees_v2.main,public,void,4,0,16,2,0,0,3,1,0,0,0,0,0,5,6,10,"itemCheck,itemCheck,parseInt,bottomUpTree,println,bottomUpTree,bottomUpTree,println,println,itemCheck","itemCheck,itemCheck,bottomUpTree,bottomUpTree,bottomUpTree,itemCheck,","parseInt,println,println,println,",6,4,0,0,0,0,0,0,0,0,0,0,1,0,0,0,0,https://benchmarksgame-team.pages.debian.net/benchmarksgame/program/binarytrees-javavm-2.html,7,21,14,/opt/src/jdk-23/bin/java -cp . binarytrees,0.279033333,40.36
binarytrees_v2,binarytrees_v2.TreeNode_v2,binarytrees_v2.TreeNode_v2.bottomUpTree,private,TreeNode_v2,12,0,4,0,0,0,0,1,0,0,2,0,0,2,0,2,"bottomUpTree,bottomUpTree","bottomUpTree,bottomUpTree,",,2,0,0,0,0,0,0,0,0,0,0,0,0,0,0,0,0,https://benchmarksgame-team.pages.debian.net/benchmarksgame/program/binarytrees-javavm-2.html,7,21,14,/opt/src/jdk-23/bin/java -cp . binarytrees,5997.875233,50438.16
binarytrees_v2,binarytrees_v2.TreeNode_v2,binarytrees_v2.TreeNode_v2.itemCheck,private,int,9,0,4,0,0,0,0,1,0,0,2,0,0,2,0,2,"itemCheck,itemCheck","itemCheck,itemCheck,",,2,0,0,0,0,0,0,0,0,0,0,0,0,0,0,0,0,https://benchmarksgame-team.pages.debian.net/benchmarksgame/program/binarytrees-javavm-2.html,7,21,14,/opt/src/jdk-23/bin/java -cp . binarytrees,2948.887967,55758.91
binarytrees_v3,binarytrees_v3,binarytrees_v3.main,public,void,4,0,9,0,0,0,0,1,0,0,0,0,0,3,3,5,"checkTree,createTree,trees,parseInt,println","checkTree,createTree,trees,","parseInt,println,",3,2,0,0,0,0,0,0,0,0,0,0,1,0,0,0,0,https://benchmarksgame-team.pages.debian.net/benchmarksgame/program/binarytrees-javavm-3.html,7,21,14,/opt/src/jdk-23/bin/java -cp . binarytrees,,
binarytrees_v3,binarytrees_v3,binarytrees_v3.trees,public,void,5,0,7,0,0,1,0,0,0,0,0,0,0,2,3,4,"createTree,loops,checkTree,println","createTree,loops,checkTree,","println,",3,1,0,0,0,0,0,0,0,0,0,0,0,0,0,0,0,https://benchmarksgame-team.pages.debian.net/benchmarksgame/program/binarytrees-javavm-3.html,7,21,14,/opt/src/jdk-23/bin/java -cp . binarytrees,0.057,
binarytrees_v3,binarytrees_v3,binarytrees_v3.loops,public,void,5,0,6,0,0,1,0,0,0,0,0,0,0,2,2,3,"checkTree,createTree,println","checkTree,createTree,","println,",2,1,0,0,0,0,0,0,0,0,0,0,0,0,0,0,0,https://benchmarksgame-team.pages.debian.net/benchmarksgame/program/binarytrees-javavm-3.html,7,21,14,/opt/src/jdk-23/bin/java -cp . binarytrees,0.1315,87.38
binarytrees_v3,binarytrees_v3,binarytrees_v3.createTree,public,TreeNode_v3,10,0,6,0,0,0,0,1,0,0,1,0,0,2,1,2,"createTree,createTree","createTree,createTree,",,2,0,0,0,0,0,0,0,0,0,0,0,0,0,0,0,0,https://benchmarksgame-team.pages.debian.net/benchmarksgame/program/binarytrees-javavm-3.html,7,21,14,/opt/src/jdk-23/bin/java -cp . binarytrees,5714.027967,107331.78
binarytrees_v3,binarytrees_v3,binarytrees_v3.checkTree,public,int,9,0,3,0,0,0,0,1,0,0,2,0,0,2,0,0,,,,0,0,0,0,0,0,0,0,0,0,0,0,0,0,0,0,0,https://benchmarksgame-team.pages.debian.net/benchmarksgame/program/binarytrees-javavm-3.html,7,21,14,/opt/src/jdk-23/bin/java -cp . binarytrees,3155.531967,59799.88
binarytrees_v4,binarytrees_v4.TreeNode_v4,binarytrees_v4.TreeNode_v4.createNode,public,TreeNode_v4,10,1,3,0,0,0,0,0,0,0,1,0,0,2,1,1,createNode,"createNode,",,1,0,0,0,0,0,0,0,0,0,0,0,0,0,0,0,0,https://benchmarksgame-team.pages.debian.net/benchmarksgame/program/binarytrees-javavm-4.html,7,21,14,/opt/src/jdk-23/bin/java -cp . binarytrees,5486.1305,101636.14
binarytrees_v4,binarytrees_v4.TreeNode_v4,binarytrees_v4.TreeNode_v4.createNode,private,TreeNode_v4,10,1,6,0,0,0,0,1,0,0,1,0,0,2,2,2,"createNode,createNode","createNode,createNode,",,2,0,0,0,0,0,0,0,0,0,0,0,0,0,0,0,0,https://benchmarksgame-team.pages.debian.net/benchmarksgame/program/binarytrees-javavm-4.html,7,21,14,/opt/src/jdk-23/bin/java -cp . binarytrees,5486.1305,101636.14
binarytrees_v4,binarytrees_v4.TreeNode_v4,binarytrees_v4.TreeNode_v4.checkNode,public,int,9,0,2,0,0,0,0,0,0,0,1,0,0,2,0,2,"checkNode,checkNode","checkNode,checkNode,",,2,0,0,0,0,0,0,0,0,0,0,0,0,0,0,0,0,https://benchmarksgame-team.pages.debian.net/benchmarksgame/program/binarytrees-javavm-4.html,7,21,14,/opt/src/jdk-23/bin/java -cp . binarytrees,2803.663067,80860.55
binarytrees_v4,binarytrees_v4,binarytrees_v4.main,public,void,4,0,8,0,0,0,0,0,0,0,0,0,1,3,3,8,"availableProcessors,runBenchmark,parseInt,getRuntime,newFixedThreadPool,execute,shutdown,awaitTermination","runBenchmark,","availableProcessors,parseInt,getRuntime,newFixedThreadPool,execute,shutdown,awaitTermination,",1,7,0,0,1,0,0,0,0,0,0,0,1,0,0,0,0,https://benchmarksgame-team.pages.debian.net/benchmarksgame/program/binarytrees-javavm-4.html,7,21,14,/opt/src/jdk-23/bin/java -cp . binarytrees,,
binarytrees_v4,binarytrees_v4,binarytrees_v4.runBenchmark,private,void,12,0,14,2,0,0,3,0,0,0,0,0,0,3,8,10,"checkNode,max,createNode,checkNode,println,createNode,createNode,println,println,checkNode","checkNode,createNode,checkNode,createNode,createNode,checkNode,","max,println,println,println,",6,4,0,0,0,0,0,0,0,0,0,0,0,0,0,0,0,https://benchmarksgame-team.pages.debian.net/benchmarksgame/program/binarytrees-javavm-4.html,7,21,14,/opt/src/jdk-23/bin/java -cp . binarytrees,0.1927,174.09
binarytrees_v6,binarytrees_v6,binarytrees_v6.main,public,void,4,0,15,2,0,0,3,0,0,0,0,0,0,4,7,11,"check,check,parseInt,max,create,println,create,create,println,println,check","check,check,create,create,create,check,","parseInt,max,println,println,println,",6,5,0,0,0,0,0,0,0,0,0,0,1,0,0,0,0,https://benchmarksgame-team.pages.debian.net/benchmarksgame/program/binarytrees-javavm-6.html,7,21,14,/opt/src/jdk-23/bin/java -cp . binarytrees,0.17835,65.37
binarytrees_v6,binarytrees_v6.TreeNode_v6,binarytrees_v6.TreeNode_v6.create,default,TreeNode_v6,6,0,1,0,0,0,0,0,0,0,1,0,0,1,0,1,ChildTreeNodes,"ChildTreeNodes,",,1,0,0,0,0,0,0,0,0,0,0,0,0,0,0,0,0,https://benchmarksgame-team.pages.debian.net/benchmarksgame/program/binarytrees-javavm-6.html,7,21,14,/opt/src/jdk-23/bin/java -cp . binarytrees,0.2356,
binarytrees_v6,binarytrees_v6.TreeNode_v6,binarytrees_v6.TreeNode_v6.ChildTreeNodes,default,TreeNode_v6,14,0,5,0,0,0,0,1,0,0,1,0,0,2,1,2,"ChildTreeNodes,ChildTreeNodes","ChildTreeNodes,ChildTreeNodes,",,2,0,0,0,0,0,0,0,0,0,0,0,0,0,0,0,0,https://benchmarksgame-team.pages.debian.net/benchmarksgame/program/binarytrees-javavm-6.html,7,21,14,/opt/src/jdk-23/bin/java -cp . binarytrees,6044.1303,113438.43
binarytrees_v6,binarytrees_v6.TreeNode_v6,binarytrees_v6.TreeNode_v6.check,default,int,5,0,2,0,0,0,0,0,0,0,1,0,0,2,0,2,"check,check","check,check,",,2,0,0,0,0,0,0,0,0,0,0,0,0,0,0,0,0,https://benchmarksgame-team.pages.debian.net/benchmarksgame/program/binarytrees-javavm-6.html,7,21,14,/opt/src/jdk-23/bin/java -cp . binarytrees,2904.084533,55449.13
binarytrees_v7,binarytrees_v7,binarytrees_v7.main,public,void,4,0,24,3,0,0,3,1,0,0,0,0,0,5,9,13,"bottomUpTree,itemCheck,bottomUpTree,bottomUpTree,parseInt,println,execute,itemCheck,shutdown,awaitTermination,println,println,itemCheck","bottomUpTree,itemCheck,bottomUpTree,bottomUpTree,itemCheck,itemCheck,","parseInt,println,execute,shutdown,awaitTermination,println,println,",6,7,0,0,0,0,0,0,0,0,0,0,1,0,0,0,0,https://benchmarksgame-team.pages.debian.net/benchmarksgame/program/binarytrees-javavm-7.html,7,21,14,/opt/src/jdk-23/bin/java -cp . binarytrees,0.0,
binarytrees_v7,binarytrees_v7,binarytrees_v7.bottomUpTree,private,TreeNode_v7,12,0,3,0,0,0,0,1,0,0,2,0,0,2,0,2,"bottomUpTree,bottomUpTree","bottomUpTree,bottomUpTree,",,2,0,0,0,0,0,0,0,0,0,0,0,0,0,0,0,0,https://benchmarksgame-team.pages.debian.net/benchmarksgame/program/binarytrees-javavm-7.html,7,21,14,/opt/src/jdk-23/bin/java -cp . binarytrees,40.3724,1973.41
binarytrees_v7,binarytrees_v7.TreeNode_v7,binarytrees_v7.TreeNode_v7.itemCheck,private,int,9,0,3,0,0,0,0,1,0,0,2,0,0,2,0,2,"itemCheck,itemCheck","itemCheck,itemCheck,",,2,0,0,0,0,0,0,0,0,0,0,0,0,0,0,0,0,https://benchmarksgame-team.pages.debian.net/benchmarksgame/program/binarytrees-javavm-7.html,7,21,14,/opt/src/jdk-23/bin/java -cp . binarytrees,13.1747,2215.72
fannkuchredux_v1,fannkuchredux_v1,fannkuchredux_v1.print,default,void,5,0,3,1,0,0,0,0,0,0,0,0,0,2,0,2,"print,println","print,","println,",1,1,0,0,0,0,0,0,0,0,0,0,0,0,0,0,0,https://benchmarksgame-team.pages.debian.net/benchmarksgame/program/fannkuchredux-javavm-1.html,10,12,11,/opt/src/jdk-23/bin/java -cp . fannkuchredux,,
fannkuchredux_v1,fannkuchredux_v1,fannkuchredux_v1.firstPermutation,default,void,16,0,10,3,0,0,3,0,0,0,0,0,0,5,1,1,arraycopy,,"arraycopy,",0,1,0,0,0,0,0,0,0,0,0,0,0,0,0,0,0,https://benchmarksgame-team.pages.debian.net/benchmarksgame/program/fannkuchredux-javavm-1.html,10,12,11,/opt/src/jdk-23/bin/java -cp . fannkuchredux,0.0797,12.02
fannkuchredux_v1,fannkuchredux_v1,fannkuchredux_v1.nextPermutation,default,boolean,15,0,12,1,1,0,0,0,0,0,1,0,0,3,3,0,,,,0,0,0,0,0,0,0,0,0,0,0,0,0,0,0,0,0,https://benchmarksgame-team.pages.debian.net/benchmarksgame/program/fannkuchredux-javavm-1.html,10,12,11,/opt/src/jdk-23/bin/java -cp . fannkuchredux,1726.119633,322928.8
fannkuchredux_v1,fannkuchredux_v1,fannkuchredux_v1.countFlips,default,int,10,0,14,1,0,1,0,1,0,0,1,0,0,4,4,1,arraycopy,,"arraycopy,",0,1,0,0,0,0,0,0,0,0,0,0,0,0,0,0,0,https://benchmarksgame-team.pages.debian.net/benchmarksgame/program/fannkuchredux-javavm-1.html,10,12,11,/opt/src/jdk-23/bin/java -cp . fannkuchredux,10576.00887,2434074.94
fannkuchredux_v1,fannkuchredux_v1,fannkuchredux_v1.runTask,default,void,7,0,16,1,0,0,0,2,0,0,0,0,0,5,5,5,"firstPermutation,countFlips,nextPermutation,min,max","firstPermutation,countFlips,nextPermutation,","min,max,",3,2,0,0,0,0,0,0,0,0,0,0,0,0,0,0,0,https://benchmarksgame-team.pages.debian.net/benchmarksgame/program/fannkuchredux-javavm-1.html,10,12,11,/opt/src/jdk-23/bin/java -cp . fannkuchredux,1032.8254,397654.79
fannkuchredux_v1,fannkuchredux_v1,fannkuchredux_v1.run,public,void,3,0,6,0,1,0,0,0,0,0,0,0,0,2,1,2,"runTask,getAndIncrement","runTask,","getAndIncrement,",1,1,0,0,0,0,0,0,0,0,0,0,0,0,0,0,0,https://benchmarksgame-team.pages.debian.net/benchmarksgame/program/fannkuchredux-javavm-1.html,10,12,11,/opt/src/jdk-23/bin/java -cp . fannkuchredux,0.118033333,
fannkuchredux_v1,fannkuchredux_v1,fannkuchredux_v1.printResult,default,void,11,0,1,0,0,0,0,0,0,0,0,0,0,1,0,1,println,,"println,",0,1,0,0,0,0,0,0,0,0,0,0,0,0,0,0,0,https://benchmarksgame-team.pages.debian.net/benchmarksgame/program/fannkuchredux-javavm-1.html,10,12,11,/opt/src/jdk-23/bin/java -cp . fannkuchredux,,
fannkuchredux_v1,fannkuchredux_v1,fannkuchredux_v1.main,public,void,4,0,31,5,0,0,0,2,0,0,2,0,1,7,4,9,"printResult,printResult,availableProcessors,start,printResult,parseInt,getRuntime,join,max","printResult,printResult,printResult,","availableProcessors,start,parseInt,getRuntime,join,max,",3,6,0,1,0,0,0,0,0,0,0,0,1,0,0,0,0,https://benchmarksgame-team.pages.debian.net/benchmarksgame/program/fannkuchredux-javavm-1.html,10,12,11,/opt/src/jdk-23/bin/java -cp . fannkuchredux,17.78466667,22.29
fannkuchredux_v2,fannkuchredux_v2,fannkuchredux_v2.fannkuch,public,int,8,0,43,3,5,0,0,2,0,0,1,0,0,12,14,2,"max,println",,"max,println,",0,2,0,0,0,0,0,0,0,0,0,0,0,0,0,0,0,https://benchmarksgame-team.pages.debian.net/benchmarksgame/program/fannkuchredux-javavm-2.html,10,12,11,/opt/src/jdk-23/bin/java -cp . fannkuchredux,88648.07187,1779769.01
fannkuchredux_v2,fannkuchredux_v2,fannkuchredux_v2.main,public,void,4,0,4,0,0,0,0,1,0,0,0,0,0,2,1,3,"fannkuch,parseInt,println","fannkuch,","parseInt,println,",1,2,0,0,0,0,0,0,0,0,0,0,1,0,0,0,0,https://benchmarksgame-team.pages.debian.net/benchmarksgame/program/fannkuchredux-javavm-2.html,10,12,11,/opt/src/jdk-23/bin/java -cp . fannkuchredux,,
fannkuchredux_v3,fannkuchredux_v3,fannkuchredux_v3.print,default,void,5,0,3,1,0,0,0,0,0,0,0,0,0,2,0,2,"print,println","print,","println,",1,1,0,0,0,0,0,0,0,0,0,0,0,0,0,0,0,https://benchmarksgame-team.pages.debian.net/benchmarksgame/program/fannkuchredux-javavm-3.html,10,12,11,/opt/src/jdk-23/bin/java -cp . fannkuchredux,,
fannkuchredux_v3,fannkuchredux_v3,fannkuchredux_v3.firstPermutation,default,void,16,0,10,3,0,0,3,0,0,0,0,0,0,5,1,1,arraycopy,,"arraycopy,",0,1,0,0,0,0,0,0,0,0,0,0,0,0,0,0,0,https://benchmarksgame-team.pages.debian.net/benchmarksgame/program/fannkuchredux-javavm-3.html,10,12,11,/opt/src/jdk-23/bin/java -cp . fannkuchredux,1.6754,11.0
fannkuchredux_v3,fannkuchredux_v3,fannkuchredux_v3.nextPermutation,default,boolean,15,0,12,1,1,0,0,0,0,0,1,0,0,3,3,0,,,,0,0,0,0,0,0,0,0,0,0,0,0,0,0,0,0,0,https://benchmarksgame-team.pages.debian.net/benchmarksgame/program/fannkuchredux-javavm-3.html,10,12,11,/opt/src/jdk-23/bin/java -cp . fannkuchredux,9416.7934,147599.33
fannkuchredux_v3,fannkuchredux_v3,fannkuchredux_v3.countFlips,default,int,10,0,14,1,0,1,0,1,0,0,1,0,0,4,4,1,arraycopy,,"arraycopy,",0,1,0,0,0,0,0,0,0,0,0,0,0,0,0,0,0,https://benchmarksgame-team.pages.debian.net/benchmarksgame/program/fannkuchredux-javavm-3.html,10,12,11,/opt/src/jdk-23/bin/java -cp . fannkuchredux,62081.40597,1139116.52
fannkuchredux_v3,fannkuchredux_v3,fannkuchredux_v3.runTask,default,void,7,0,16,1,0,0,0,2,0,0,0,0,0,5,5,5,"firstPermutation,countFlips,nextPermutation,min,max","firstPermutation,countFlips,nextPermutation,","min,max,",3,2,0,0,0,0,0,0,0,0,0,0,0,0,0,0,0,https://benchmarksgame-team.pages.debian.net/benchmarksgame/program/fannkuchredux-javavm-3.html,10,12,11,/opt/src/jdk-23/bin/java -cp . fannkuchredux,5755.902333,224775.75
fannkuchredux_v3,fannkuchredux_v3,fannkuchredux_v3.run,public,void,3,0,6,0,1,0,0,0,0,0,0,0,0,2,1,2,"runTask,getAndIncrement","runTask,","getAndIncrement,",1,1,0,0,0,0,0,0,0,0,0,0,0,0,0,0,0,https://benchmarksgame-team.pages.debian.net/benchmarksgame/program/fannkuchredux-javavm-3.html,10,12,11,/opt/src/jdk-23/bin/java -cp . fannkuchredux,2.090066667,7.01
fannkuchredux_v3,fannkuchredux_v3,fannkuchredux_v3.printResult,default,void,11,0,1,0,0,0,0,0,0,0,0,0,0,1,0,1,println,,"println,",0,1,0,0,0,0,0,0,0,0,0,0,0,0,0,0,0,https://benchmarksgame-team.pages.debian.net/benchmarksgame/program/fannkuchredux-javavm-3.html,10,12,11,/opt/src/jdk-23/bin/java -cp . fannkuchredux,,
fannkuchredux_v3,fannkuchredux_v3,fannkuchredux_v3.main,public,void,4,0,31,5,0,0,0,2,0,0,2,0,1,7,4,7,"printResult,printResult,start,printResult,parseInt,join,max","printResult,printResult,printResult,","start,parseInt,join,max,",3,4,0,1,0,0,0,0,0,0,0,0,1,0,0,0,0,https://benchmarksgame-team.pages.debian.net/benchmarksgame/program/fannkuchredux-javavm-3.html,10,12,11,/opt/src/jdk-23/bin/java -cp . fannkuchredux,0.045366667,
fannkuchredux_v8,fannkuchredux_v8,fannkuchredux_v8.fannkuch,public,int,8,0,52,1,7,0,0,4,0,0,2,0,0,13,9,1,println,,"println,",0,1,0,0,0,0,0,0,0,0,0,0,0,0,0,0,0,https://benchmarksgame-team.pages.debian.net/benchmarksgame/program/fannkuchredux-javavm-8.html,10,12,11,/opt/src/jdk-23/bin/java -cp . fannkuchredux,103660.6987,2069059.79
fannkuchredux_v8,fannkuchredux_v8,fannkuchredux_v8.main,public,void,4,0,3,0,0,0,0,0,0,0,0,0,0,2,1,3,"fannkuch,parseInt,println","fannkuch,","parseInt,println,",1,2,0,0,0,0,0,0,0,0,0,0,1,0,0,0,0,https://benchmarksgame-team.pages.debian.net/benchmarksgame/program/fannkuchredux-javavm-8.html,10,12,11,/opt/src/jdk-23/bin/java -cp . fannkuchredux,,
fasta_v2,fasta_v2,fasta_v2.random,public,double,6,0,2,0,0,0,0,0,0,0,1,0,0,1,0,0,,,,0,0,0,0,0,0,0,0,0,0,0,0,0,0,0,0,0,https://benchmarksgame-team.pages.debian.net/benchmarksgame/program/fasta-javavm-2.html,250000,25000000,12625000,/opt/src/jdk-23/bin/java -cp . fasta,0.0429,26578.58
fasta_v2,fasta_v2,fasta_v2.makeCumulative,public,void,14,0,4,1,0,0,0,0,0,0,0,0,0,2,1,0,,,,0,0,0,0,0,0,0,0,0,0,0,0,0,0,0,0,0,https://benchmarksgame-team.pages.debian.net/benchmarksgame/program/fasta-javavm-2.html,250000,25000000,12625000,/opt/src/jdk-23/bin/java -cp . fasta,0.0632,
fasta_v2,fasta_v2,fasta_v2.selectRandom,public,byte,12,0,6,1,0,0,0,1,0,0,2,0,0,3,2,1,random,"random,",,1,0,0,0,0,0,0,0,0,0,0,0,0,0,0,0,0,https://benchmarksgame-team.pages.debian.net/benchmarksgame/program/fasta-javavm-2.html,250000,25000000,12625000,/opt/src/jdk-23/bin/java -cp . fasta,14.60796667,81335.22
fasta_v2,fasta_v2,fasta_v2.makeRandomFasta,default,void,15,0,18,1,1,0,0,3,0,0,0,0,0,6,2,5,"selectRandom,write,getBytes,write,write","selectRandom,","write,getBytes,write,write,",1,4,0,0,0,1,0,0,0,0,0,0,1,0,0,0,0,https://benchmarksgame-team.pages.debian.net/benchmarksgame/program/fasta-javavm-2.html,250000,25000000,12625000,/opt/src/jdk-23/bin/java -cp . fasta,6227.125367,20987.38
fasta_v2,fasta_v2,fasta_v2.makeRepeatFasta,default,void,15,0,23,1,1,0,0,4,0,0,0,0,0,7,4,4,"write,getBytes,write,write",,"write,getBytes,write,write,",0,4,0,0,0,1,0,0,0,0,0,0,1,0,0,0,0,https://benchmarksgame-team.pages.debian.net/benchmarksgame/program/fasta-javavm-2.html,250000,25000000,12625000,/opt/src/jdk-23/bin/java -cp . fasta,293.0869333,6103.08
fasta_v2,fasta_v2,fasta_v2.main,public,void,4,0,10,0,0,0,0,1,0,0,0,0,0,2,2,7,"makeCumulative,makeCumulative,makeRepeatFasta,makeRandomFasta,makeRandomFasta,parseInt,close","makeCumulative,makeCumulative,makeRepeatFasta,makeRandomFasta,makeRandomFasta,","parseInt,close,",5,2,0,0,0,1,0,0,0,0,0,0,1,0,0,0,0,https://benchmarksgame-team.pages.debian.net/benchmarksgame/program/fasta-javavm-2.html,250000,25000000,12625000,/opt/src/jdk-23/bin/java -cp . fasta,,
fasta_v4,fasta_v4,fasta_v4.makeRandomFasta,default,void,15,0,21,0,1,0,0,3,0,0,0,1,0,5,6,5,"write,getBytes,write,selectRandomIntoBuffer,write","selectRandomIntoBuffer,","write,getBytes,write,write,",1,4,0,0,0,1,0,0,0,0,0,0,1,0,0,0,0,https://benchmarksgame-team.pages.debian.net/benchmarksgame/program/fasta-javavm-4.html,250000,25000000,12625000,/opt/src/jdk-23/bin/java -cp . fasta,90.75893333,197.47
fasta_v4,fasta_v4,fasta_v4.makeRepeatFasta,default,void,15,0,26,1,1,0,0,4,0,0,0,1,0,7,8,5,"getBytes,write,getBytes,write,write",,"getBytes,write,getBytes,write,write,",0,5,0,0,0,1,0,0,0,0,0,0,1,0,0,0,0,https://benchmarksgame-team.pages.debian.net/benchmarksgame/program/fasta-javavm-4.html,250000,25000000,12625000,/opt/src/jdk-23/bin/java -cp . fasta,170.3651667,3459.73
fasta_v4,fasta_v4,fasta_v4.main,public,void,4,0,8,0,0,0,0,1,0,0,0,0,0,2,2,5,"makeRepeatFasta,makeRandomFasta,makeRandomFasta,parseInt,close","makeRepeatFasta,makeRandomFasta,makeRandomFasta,","parseInt,close,",3,2,0,0,0,1,0,0,0,0,0,0,1,0,0,0,0,https://benchmarksgame-team.pages.debian.net/benchmarksgame/program/fasta-javavm-4.html,250000,25000000,12625000,/opt/src/jdk-23/bin/java -cp . fasta,,
fasta_v4,fasta_v4.FloatProbFreq,fasta_v4.FloatProbFreq.makeCumulative,private,void,14,0,4,1,0,0,0,0,0,0,0,0,0,2,1,0,,,,0,0,0,0,0,0,0,0,0,0,0,0,0,0,0,0,0,https://benchmarksgame-team.pages.debian.net/benchmarksgame/program/fasta-javavm-4.html,250000,25000000,12625000,/opt/src/jdk-23/bin/java -cp . fasta,,
fasta_v4,fasta_v4.FloatProbFreq,fasta_v4.FloatProbFreq.selectRandomIntoBuffer,public,int,22,0,12,2,0,0,3,1,0,0,1,0,0,4,4,1,random,"random,",,1,0,0,0,0,0,0,0,0,0,0,0,0,0,0,0,0,https://benchmarksgame-team.pages.debian.net/benchmarksgame/program/fasta-javavm-4.html,250000,25000000,12625000,/opt/src/jdk-23/bin/java -cp . fasta,9575.650167,129318.5
fasta_v4,fasta_v4.FloatProbFreq,fasta_v4.FloatProbFreq.random,public,float,6,0,3,0,0,0,0,0,0,0,1,0,0,1,1,0,,,,0,0,0,0,0,0,0,0,0,0,0,0,0,0,0,0,0,https://benchmarksgame-team.pages.debian.net/benchmarksgame/program/fasta-javavm-4.html,250000,25000000,12625000,/opt/src/jdk-23/bin/java -cp . fasta,,41144.62
fasta_v5,fasta_v5,fasta_v5.main,public,void,4,0,21,5,0,0,0,1,0,0,0,0,1,8,2,12,"setDaemon,start,lineFillALU,speciesFillALU,writeBuffer,lineFillRandom,speciesFillRandom,writeBuffer,lineFillRandom,speciesFillRandom,writeBuffer,parseInt","lineFillALU,speciesFillALU,writeBuffer,lineFillRandom,speciesFillRandom,writeBuffer,lineFillRandom,speciesFillRandom,writeBuffer,","setDaemon,start,parseInt,",9,3,0,0,0,1,0,0,0,0,0,0,1,0,0,0,0,https://benchmarksgame-team.pages.debian.net/benchmarksgame/program/fasta-javavm-5.html,250000,25000000,12625000,/opt/src/jdk-23/bin/java -cp . fasta,6.766066667,11.1
fasta_v5,fasta_v5,fasta_v5.lineFillALU,private,void,11,0,1,0,0,0,0,0,0,0,0,0,0,1,0,2,"put,incrementAndGet","put,","incrementAndGet,",1,1,0,0,0,0,0,0,0,0,0,0,0,0,0,0,0,https://benchmarksgame-team.pages.debian.net/benchmarksgame/program/fasta-javavm-5.html,250000,25000000,12625000,/opt/src/jdk-23/bin/java -cp . fasta,,
fasta_v5,fasta_v5,fasta_v5.bufferFillALU,private,void,13,0,5,1,0,0,0,0,0,0,0,0,0,2,1,4,"take,lineFillALU,incrementAndGet,write","take,lineFillALU,","incrementAndGet,write,",2,2,0,0,0,1,0,0,0,0,0,0,0,0,0,0,0,https://benchmarksgame-team.pages.debian.net/benchmarksgame/program/fasta-javavm-5.html,250000,25000000,12625000,/opt/src/jdk-23/bin/java -cp . fasta,1.36195,
fasta_v5,fasta_v5,fasta_v5.speciesFillALU,private,void,14,0,9,0,0,0,0,1,0,0,0,0,0,2,4,5,"bufferFillALU,writeBuffer,lineFillALU,write,getBytes","bufferFillALU,writeBuffer,lineFillALU,","write,getBytes,",3,2,0,0,0,1,0,0,0,0,0,0,1,0,0,0,0,https://benchmarksgame-team.pages.debian.net/benchmarksgame/program/fasta-javavm-5.html,250000,25000000,12625000,/opt/src/jdk-23/bin/java -cp . fasta,,
fasta_v5,fasta_v5,fasta_v5.lineFillRandom,private,void,14,0,4,1,0,0,0,0,0,0,0,0,0,2,0,2,"put,incrementAndGet","put,","incrementAndGet,",1,1,0,0,0,0,1,0,0,0,0,0,0,0,0,0,0,https://benchmarksgame-team.pages.debian.net/benchmarksgame/program/fasta-javavm-5.html,250000,25000000,12625000,/opt/src/jdk-23/bin/java -cp . fasta,6583.326267,90969.48
fasta_v5,fasta_v5,fasta_v5.bufferFillRandom,private,void,16,0,5,1,0,0,0,0,0,0,0,0,0,2,1,4,"take,lineFillRandom,incrementAndGet,write","take,lineFillRandom,","incrementAndGet,write,",2,2,0,0,0,1,0,0,0,0,0,0,0,0,0,0,0,https://benchmarksgame-team.pages.debian.net/benchmarksgame/program/fasta-javavm-5.html,250000,25000000,12625000,/opt/src/jdk-23/bin/java -cp . fasta,1.24645,73.96
fasta_v5,fasta_v5,fasta_v5.speciesFillRandom,private,void,17,0,9,0,0,0,0,1,0,0,0,0,0,2,4,5,"bufferFillRandom,writeBuffer,lineFillRandom,write,getBytes","bufferFillRandom,writeBuffer,lineFillRandom,","write,getBytes,",3,2,0,0,0,1,0,0,0,0,0,0,1,0,0,0,0,https://benchmarksgame-team.pages.debian.net/benchmarksgame/program/fasta-javavm-5.html,250000,25000000,12625000,/opt/src/jdk-23/bin/java -cp . fasta,1.93835,
fasta_v5,fasta_v5,fasta_v5.writeBuffer,private,void,11,0,1,0,0,0,0,0,0,0,0,0,0,1,0,3,"take,write,incrementAndGet","take,","write,incrementAndGet,",1,2,0,0,0,1,0,0,0,0,0,0,0,0,0,0,0,https://benchmarksgame-team.pages.debian.net/benchmarksgame/program/fasta-javavm-5.html,250000,25000000,12625000,/opt/src/jdk-23/bin/java -cp . fasta,0.4152,
fasta_v5,fasta_v5.NucleotideSelector,fasta_v5.NucleotideSelector.put,public,void,3,0,1,0,0,0,0,0,0,0,0,0,1,2,0,1,put,"put,",,1,0,0,0,0,0,0,0,0,0,0,0,0,0,0,0,0,https://benchmarksgame-team.pages.debian.net/benchmarksgame/program/fasta-javavm-5.html,250000,25000000,12625000,/opt/src/jdk-23/bin/java -cp . fasta,,78.29
fasta_v5,fasta_v5.NucleotideSelector,fasta_v5.NucleotideSelector.run,public,void,3,0,6,1,0,0,0,0,0,0,0,0,1,3,1,3,"take,selectNucleotides,put","take,selectNucleotides,put,",,3,0,0,0,0,0,0,0,0,0,0,0,0,0,0,0,0,https://benchmarksgame-team.pages.debian.net/benchmarksgame/program/fasta-javavm-5.html,250000,25000000,12625000,/opt/src/jdk-23/bin/java -cp . fasta,0.201933333,252.79
fasta_v5,fasta_v5.NucleotideSelector,fasta_v5.NucleotideSelector.take,public,AbstractBuffer,4,0,2,0,0,0,0,0,0,0,2,0,1,2,0,1,take,"take,",,1,0,0,0,0,0,0,0,0,0,0,0,0,0,0,0,0,https://benchmarksgame-team.pages.debian.net/benchmarksgame/program/fasta-javavm-5.html,250000,25000000,12625000,/opt/src/jdk-23/bin/java -cp . fasta,4.18555,44.7
fasta_v5,fasta_v5.AluBuffer,fasta_v5.AluBuffer.selectNucleotides,public,void,17,0,7,1,0,0,0,1,0,0,0,0,0,3,0,3,"ALUFillLine,ALUFillLine,length","ALUFillLine,ALUFillLine,","length,",2,1,0,0,0,0,0,0,0,0,0,0,0,0,0,0,0,https://benchmarksgame-team.pages.debian.net/benchmarksgame/program/fasta-javavm-5.html,250000,25000000,12625000,/opt/src/jdk-23/bin/java -cp . fasta,0.1174,53428.67
fasta_v5,fasta_v5.AluBuffer,fasta_v5.AluBuffer.ALUFillLine,private,void,11,0,4,0,0,0,0,0,0,0,0,0,0,2,0,1,arraycopy,,"arraycopy,",0,1,0,0,0,0,0,0,0,0,0,0,0,0,0,0,0,https://benchmarksgame-team.pages.debian.net/benchmarksgame/program/fasta-javavm-5.html,250000,25000000,12625000,/opt/src/jdk-23/bin/java -cp . fasta,0.0084,507.79
fasta_v5,fasta_v5.Buffer,fasta_v5.Buffer.selectNucleotides,public,void,17,0,13,5,0,0,6,0,0,0,0,0,0,6,3,0,,,,0,0,0,0,0,0,0,0,0,0,0,0,0,0,0,0,0,https://benchmarksgame-team.pages.debian.net/benchmarksgame/program/fasta-javavm-5.html,250000,25000000,12625000,/opt/src/jdk-23/bin/java -cp . fasta,609.1657667,277661.85
fasta_v6,fasta_v6,fasta_v6.main,public,void,4,0,22,5,0,0,0,1,0,0,0,0,1,8,2,13,"setDaemon,start,lineFillALU,speciesFillALU,writeBuffer,lineFillRandom,speciesFillRandom,writeBuffer,lineFillRandom,speciesFillRandom,writeBuffer,parseInt,printStackTrace","lineFillALU,speciesFillALU,writeBuffer,lineFillRandom,speciesFillRandom,writeBuffer,lineFillRandom,speciesFillRandom,writeBuffer,","setDaemon,start,parseInt,printStackTrace,",9,4,0,0,0,1,0,0,0,0,0,0,1,0,0,0,0,https://benchmarksgame-team.pages.debian.net/benchmarksgame/program/fasta-javavm-6.html,250000,25000000,12625000,/opt/src/jdk-23/bin/java -cp . fasta,5.493466667,9.07
fasta_v6,fasta_v6,fasta_v6.lineFillALU,private,void,11,0,1,0,0,0,0,0,0,0,0,0,0,1,0,2,"put,incrementAndGet","put,","incrementAndGet,",1,1,0,0,0,0,0,0,0,0,0,0,0,0,0,0,0,https://benchmarksgame-team.pages.debian.net/benchmarksgame/program/fasta-javavm-6.html,250000,25000000,12625000,/opt/src/jdk-23/bin/java -cp . fasta,,
fasta_v6,fasta_v6,fasta_v6.bufferFillALU,private,void,13,0,4,1,0,0,0,0,0,0,0,0,0,2,1,4,"take,lineFillALU,incrementAndGet,write","take,lineFillALU,","incrementAndGet,write,",2,2,0,0,0,1,0,0,0,0,0,0,0,0,0,0,0,https://benchmarksgame-team.pages.debian.net/benchmarksgame/program/fasta-javavm-6.html,250000,25000000,12625000,/opt/src/jdk-23/bin/java -cp . fasta,0.8689,42.36
fasta_v6,fasta_v6,fasta_v6.speciesFillALU,private,void,14,0,7,0,0,0,0,1,0,0,0,0,0,2,2,5,"bufferFillALU,writeBuffer,lineFillALU,write,getBytes","bufferFillALU,writeBuffer,lineFillALU,","write,getBytes,",3,2,0,0,0,1,0,0,0,0,0,0,1,0,0,0,0,https://benchmarksgame-team.pages.debian.net/benchmarksgame/program/fasta-javavm-6.html,250000,25000000,12625000,/opt/src/jdk-23/bin/java -cp . fasta,,
fasta_v6,fasta_v6,fasta_v6.lineFillRandom,private,void,14,0,2,0,0,0,0,0,0,0,0,0,0,1,0,3,"put,fillRandoms,incrementAndGet","put,fillRandoms,","incrementAndGet,",2,1,0,0,0,0,0,0,0,0,0,0,0,0,0,0,0,https://benchmarksgame-team.pages.debian.net/benchmarksgame/program/fasta-javavm-6.html,250000,25000000,12625000,/opt/src/jdk-23/bin/java -cp . fasta,2.9886,
fasta_v6,fasta_v6,fasta_v6.bufferFillRandom,private,void,16,0,4,1,0,0,0,0,0,0,0,0,0,2,1,4,"take,lineFillRandom,incrementAndGet,write","take,lineFillRandom,","incrementAndGet,write,",2,2,0,0,0,1,0,0,0,0,0,0,0,0,0,0,0,https://benchmarksgame-team.pages.debian.net/benchmarksgame/program/fasta-javavm-6.html,250000,25000000,12625000,/opt/src/jdk-23/bin/java -cp . fasta,0.80875,48.2
fasta_v6,fasta_v6,fasta_v6.speciesFillRandom,private,void,17,0,10,0,0,0,0,1,0,0,0,0,0,3,4,5,"bufferFillRandom,writeBuffer,lineFillRandom,write,getBytes","bufferFillRandom,writeBuffer,lineFillRandom,","write,getBytes,",3,2,0,0,0,1,0,0,0,0,0,0,1,0,0,0,0,https://benchmarksgame-team.pages.debian.net/benchmarksgame/program/fasta-javavm-6.html,250000,25000000,12625000,/opt/src/jdk-23/bin/java -cp . fasta,,
fasta_v6,fasta_v6,fasta_v6.writeBuffer,private,void,11,0,1,0,0,0,0,0,0,0,0,0,0,1,0,3,"take,write,incrementAndGet","take,","write,incrementAndGet,",1,2,0,0,0,1,0,0,0,0,0,0,0,0,0,0,0,https://benchmarksgame-team.pages.debian.net/benchmarksgame/program/fasta-javavm-6.html,250000,25000000,12625000,/opt/src/jdk-23/bin/java -cp . fasta,,
fasta_v6,fasta_v6.NucleotideSelector,fasta_v6.NucleotideSelector.put,public,void,3,0,2,0,0,0,0,0,0,0,0,0,1,2,0,2,"put,printStackTrace","put,","printStackTrace,",1,1,0,0,0,0,0,0,0,0,0,0,0,0,0,0,0,https://benchmarksgame-team.pages.debian.net/benchmarksgame/program/fasta-javavm-6.html,250000,25000000,12625000,/opt/src/jdk-23/bin/java -cp . fasta,0.87515,58.15
fasta_v6,fasta_v6.NucleotideSelector,fasta_v6.NucleotideSelector.run,public,void,3,0,6,1,0,0,0,0,0,0,0,0,1,3,1,4,"take,selectNucleotides,put,printStackTrace","take,selectNucleotides,put,","printStackTrace,",3,1,0,0,0,0,0,0,0,0,0,0,0,0,0,0,0,https://benchmarksgame-team.pages.debian.net/benchmarksgame/program/fasta-javavm-6.html,250000,25000000,12625000,/opt/src/jdk-23/bin/java -cp . fasta,,300.08
fasta_v6,fasta_v6.NucleotideSelector,fasta_v6.NucleotideSelector.take,public,AbstractBuffer,4,0,3,0,0,0,0,0,0,0,2,0,1,2,0,2,"take,printStackTrace","take,","printStackTrace,",1,1,0,0,0,0,0,0,0,0,0,0,0,0,0,0,0,https://benchmarksgame-team.pages.debian.net/benchmarksgame/program/fasta-javavm-6.html,250000,25000000,12625000,/opt/src/jdk-23/bin/java -cp . fasta,13.67115,51.69
fasta_v6,fasta_v6.AluBuffer,fasta_v6.AluBuffer.selectNucleotides,default,void,17,0,8,1,0,0,0,1,0,0,0,0,0,3,0,2,"ALUFillLine,ALUFillLine","ALUFillLine,ALUFillLine,",,2,0,0,0,0,0,0,0,0,0,0,0,0,0,0,0,0,https://benchmarksgame-team.pages.debian.net/benchmarksgame/program/fasta-javavm-6.html,250000,25000000,12625000,/opt/src/jdk-23/bin/java -cp . fasta,0.0924,250.1
fasta_v6,fasta_v6.AluBuffer,fasta_v6.AluBuffer.ALUFillLine,private,void,11,0,4,0,0,0,0,0,0,0,0,0,0,2,0,1,arraycopy,,"arraycopy,",0,1,0,0,0,0,0,0,0,0,0,0,0,0,0,0,0,https://benchmarksgame-team.pages.debian.net/benchmarksgame/program/fasta-javavm-6.html,250000,25000000,12625000,/opt/src/jdk-23/bin/java -cp . fasta,,532.4
fasta_v6,fasta_v6.StochasticBuffer,fasta_v6.StochasticBuffer.fillRandoms,default,void,11,0,3,1,0,0,0,0,0,0,0,0,0,2,0,0,,,,0,0,0,0,0,0,0,0,0,0,0,0,0,0,0,0,0,https://benchmarksgame-team.pages.debian.net/benchmarksgame/program/fasta-javavm-6.html,250000,25000000,12625000,/opt/src/jdk-23/bin/java -cp . fasta,6130.120967,88835.76
fasta_v6,fasta_v6.IubBuffer,fasta_v6.IubBuffer.selectNucleotides,default,void,17,0,7,3,0,0,3,0,0,0,0,0,0,4,1,0,,,,0,0,0,0,0,0,0,0,0,0,0,0,0,0,0,0,0,https://benchmarksgame-team.pages.debian.net/benchmarksgame/program/fasta-javavm-6.html,250000,25000000,12625000,/opt/src/jdk-23/bin/java -cp . fasta,267.6821,32948.75
fasta_v6,fasta_v6.IubBuffer,fasta_v6.IubBuffer.convert,private,byte,7,0,3,1,0,0,0,0,0,0,1,0,0,2,1,0,,,,0,0,0,0,0,0,0,0,0,0,0,0,0,0,0,0,0,https://benchmarksgame-team.pages.debian.net/benchmarksgame/program/fasta-javavm-6.html,250000,25000000,12625000,/opt/src/jdk-23/bin/java -cp . fasta,68.40696667,84082.25
fasta_v6,fasta_v6.SapienBuffer,fasta_v6.SapienBuffer.selectNucleotides,default,void,17,0,7,3,0,0,3,0,0,0,0,0,0,4,1,0,,,,0,0,0,0,0,0,0,0,0,0,0,0,0,0,0,0,0,https://benchmarksgame-team.pages.debian.net/benchmarksgame/program/fasta-javavm-6.html,250000,25000000,12625000,/opt/src/jdk-23/bin/java -cp . fasta,259.3341,53706.71
fasta_v6,fasta_v6.SapienBuffer,fasta_v6.SapienBuffer.convert,private,byte,7,0,3,1,0,0,0,0,0,0,1,0,0,2,1,0,,,,0,0,0,0,0,0,0,0,0,0,0,0,0,0,0,0,0,https://benchmarksgame-team.pages.debian.net/benchmarksgame/program/fasta-javavm-6.html,250000,25000000,12625000,/opt/src/jdk-23/bin/java -cp . fasta,33.6912,107799.03
fasta_v8,fasta_v8,fasta_v8.fastaRand,default,double,9,0,2,0,0,0,0,0,0,0,1,0,0,1,0,0,,,,0,0,0,0,0,0,0,0,0,0,0,0,0,0,0,0,0,https://benchmarksgame-team.pages.debian.net/benchmarksgame/program/fasta-javavm-8.html,250000,25000000,12625000,/opt/src/jdk-23/bin/java -cp . fasta,,40114.27
fasta_v8,fasta_v8,fasta_v8.repeatFasta,default,void,11,0,10,1,0,0,0,2,0,0,0,0,0,4,3,8,"length,append,charAt,println,toString,setLength,println,toString",,"length,append,charAt,println,toString,setLength,println,toString,",0,8,0,0,0,0,0,0,0,0,0,0,1,0,0,0,0,https://benchmarksgame-team.pages.debian.net/benchmarksgame/program/fasta-javavm-8.html,250000,25000000,12625000,/opt/src/jdk-23/bin/java -cp . fasta,61.50183333,7586.01
fasta_v8,fasta_v8,fasta_v8.randomFasta,default,void,11,0,15,2,0,0,3,3,0,0,0,0,0,6,4,9,"fastaRand,length,append,charAt,println,toString,setLength,println,toString","fastaRand,","length,append,charAt,println,toString,setLength,println,toString,",1,8,0,0,0,0,0,0,0,0,0,0,1,0,0,0,0,https://benchmarksgame-team.pages.debian.net/benchmarksgame/program/fasta-javavm-8.html,250000,25000000,12625000,/opt/src/jdk-23/bin/java -cp . fasta,8090.346067,230309.06
fasta_v8,fasta_v8,fasta_v8.main,public,void,4,0,8,0,0,0,0,0,0,0,0,0,0,2,1,7,"repeatFasta,randomFasta,randomFasta,parseInt,println,println,println","repeatFasta,randomFasta,randomFasta,","parseInt,println,println,println,",3,4,0,0,0,0,0,0,0,0,0,0,1,0,0,0,0,https://benchmarksgame-team.pages.debian.net/benchmarksgame/program/fasta-javavm-8.html,250000,25000000,12625000,/opt/src/jdk-23/bin/java -cp . fasta,,
mandelbrot_v1,mandelbrot_v1,mandelbrot_v1.main,public,void,4,0,1,0,0,0,0,0,0,0,0,0,0,1,0,2,"compute,parseInt","compute,","parseInt,",1,1,0,0,0,0,0,0,0,0,0,0,1,0,0,0,0,https://benchmarksgame-team.pages.debian.net/benchmarksgame/program/mandelbrot-javavm-1.html,1000,16000,8500,/opt/src/jdk-23/bin/java -cp . mandelbrot,,
mandelbrot_v1,mandelbrot_v1.Mandelbrot,mandelbrot_v1.Mandelbrot.compute,public,void,7,0,5,1,0,0,0,0,0,0,0,0,0,2,0,4,"computeRow,format,write,close","computeRow,","format,write,close,",1,3,0,0,0,0,0,0,0,0,0,0,0,0,0,0,0,https://benchmarksgame-team.pages.debian.net/benchmarksgame/program/mandelbrot-javavm-1.html,1000,16000,8500,/opt/src/jdk-23/bin/java -cp . mandelbrot,0.2092,759659.65
mandelbrot_v1,mandelbrot_v1.Mandelbrot,mandelbrot_v1.Mandelbrot.computeRow,private,void,10,0,30,1,0,1,3,5,0,0,0,0,0,8,9,2,"write,write",,"write,write,",0,2,0,0,0,0,0,0,0,0,0,0,0,0,0,0,0,https://benchmarksgame-team.pages.debian.net/benchmarksgame/program/mandelbrot-javavm-1.html,1000,16000,8500,/opt/src/jdk-23/bin/java -cp . mandelbrot,64423.81283,526628.63
mandelbrot_v2,mandelbrot_v2,mandelbrot_v2.getByte,default,int,7,0,27,1,0,1,3,4,0,0,1,0,0,7,11,0,,,,0,0,0,0,0,0,0,0,0,0,0,0,0,0,0,0,0,https://benchmarksgame-team.pages.debian.net/benchmarksgame/program/mandelbrot-javavm-2.html,1000,16000,8500,/opt/src/jdk-23/bin/java -cp . mandelbrot,742.1982,1145713.28
mandelbrot_v2,mandelbrot_v2,mandelbrot_v2.putLine,default,void,7,0,2,1,0,0,0,0,0,0,0,0,0,2,0,1,getByte,"getByte,",,1,0,0,0,0,0,0,0,0,0,0,0,0,0,0,0,0,https://benchmarksgame-team.pages.debian.net/benchmarksgame/program/mandelbrot-javavm-2.html,1000,16000,8500,/opt/src/jdk-23/bin/java -cp . mandelbrot,58.61413333,9103.44
mandelbrot_v2,mandelbrot_v2,mandelbrot_v2.main,public,void,4,0,27,5,1,0,3,1,0,0,0,0,0,6,5,10,"availableProcessors,getBytes,parseInt,getRuntime,getAndIncrement,start,join,write,write,close",,"availableProcessors,getBytes,parseInt,getRuntime,getAndIncrement,start,join,write,write,close,",0,10,0,1,0,1,0,0,0,0,0,0,1,0,0,0,0,https://benchmarksgame-team.pages.debian.net/benchmarksgame/program/mandelbrot-javavm-2.html,1000,16000,8500,/opt/src/jdk-23/bin/java -cp . mandelbrot,206.0772333,23.1
mandelbrot_v2,MISSING,mandelbrot_v2..run,public,void,3,0,3,0,1,0,0,0,0,0,0,0,0,2,1,1,getAndIncrement,,"getAndIncrement,",0,1,0,0,0,0,0,0,0,0,0,0,0,0,0,0,0,https://benchmarksgame-team.pages.debian.net/benchmarksgame/program/mandelbrot-javavm-2.html,1000,16000,8500,/opt/src/jdk-23/bin/java -cp . mandelbrot,,
mandelbrot_v3,mandelbrot_v3,mandelbrot_v3.main,public,void,4,0,12,1,0,0,0,1,0,0,0,0,0,3,5,5,"Compute,parseInt,format,write,close","Compute,","parseInt,format,write,close,",1,4,0,0,0,1,0,0,0,0,0,0,1,0,0,0,0,https://benchmarksgame-team.pages.debian.net/benchmarksgame/program/mandelbrot-javavm-3.html,1000,16000,8500,/opt/src/jdk-23/bin/java -cp . mandelbrot,152.8866,14.13
mandelbrot_v3,mandelbrot_v3,mandelbrot_v3.Compute,private,void,7,0,39,3,1,1,3,3,0,0,0,0,1,9,15,6,"availableProcessors,start,getRuntime,getAndIncrement,join,printStackTrace",,"availableProcessors,start,getRuntime,getAndIncrement,join,printStackTrace,",0,6,0,1,1,0,0,0,0,0,0,0,0,0,0,0,0,https://benchmarksgame-team.pages.debian.net/benchmarksgame/program/mandelbrot-javavm-3.html,1000,16000,8500,/opt/src/jdk-23/bin/java -cp . mandelbrot,1.1717,10.08
mandelbrot_v3,MISSING,mandelbrot_v3..run,public,void,3,0,29,1,1,1,0,3,0,0,0,0,0,7,12,1,getAndIncrement,,"getAndIncrement,",0,1,0,0,0,0,0,0,0,0,0,0,0,0,0,0,0,https://benchmarksgame-team.pages.debian.net/benchmarksgame/program/mandelbrot-javavm-3.html,1000,16000,8500,/opt/src/jdk-23/bin/java -cp . mandelbrot,,
mandelbrot_v4,mandelbrot_v4,mandelbrot_v4.getByte,default,byte,7,0,25,1,0,1,3,4,0,0,1,0,0,7,9,0,,,,0,0,0,0,0,0,0,0,0,0,0,0,0,0,0,0,0,https://benchmarksgame-team.pages.debian.net/benchmarksgame/program/mandelbrot-javavm-4.html,1000,16000,8500,/opt/src/jdk-23/bin/java -cp . mandelbrot,5254.3803,1144233.13
mandelbrot_v4,mandelbrot_v4,mandelbrot_v4.main,public,void,4,0,19,2,0,0,0,1,0,0,0,0,0,4,8,8,"parallel,getByte,getBytes,parseInt,range,write,write,close","getByte,","parallel,getBytes,parseInt,range,write,write,close,",1,7,0,0,0,1,0,0,0,0,0,0,1,0,0,0,0,https://benchmarksgame-team.pages.debian.net/benchmarksgame/program/mandelbrot-javavm-4.html,1000,16000,8500,/opt/src/jdk-23/bin/java -cp . mandelbrot,0.696866667,
mandelbrot_v6,mandelbrot_v6,mandelbrot_v6.getByte,default,int,7,0,26,1,0,1,3,3,0,0,1,0,0,6,12,0,,,,0,0,0,0,0,0,0,0,0,0,0,0,0,0,0,0,0,https://benchmarksgame-team.pages.debian.net/benchmarksgame/program/mandelbrot-javavm-6.html,1000,16000,8500,/opt/src/jdk-23/bin/java -cp . mandelbrot,641.9074,1073983.51
mandelbrot_v6,mandelbrot_v6,mandelbrot_v6.putLine,default,void,7,0,2,1,0,0,0,0,0,0,0,0,0,2,0,1,getByte,"getByte,",,1,0,0,0,0,0,0,0,0,0,0,0,0,0,0,0,0,https://benchmarksgame-team.pages.debian.net/benchmarksgame/program/mandelbrot-javavm-6.html,1000,16000,8500,/opt/src/jdk-23/bin/java -cp . mandelbrot,54.1601,9482.08
mandelbrot_v6,mandelbrot_v6,mandelbrot_v6.main,public,void,4,0,27,5,1,0,3,1,0,0,0,0,0,6,5,10,"availableProcessors,getBytes,parseInt,getRuntime,getAndIncrement,start,join,write,write,close",,"availableProcessors,getBytes,parseInt,getRuntime,getAndIncrement,start,join,write,write,close,",0,10,0,1,0,1,0,0,0,0,0,0,1,0,0,0,0,https://benchmarksgame-team.pages.debian.net/benchmarksgame/program/mandelbrot-javavm-6.html,1000,16000,8500,/opt/src/jdk-23/bin/java -cp . mandelbrot,225.2911333,27.45
mandelbrot_v6,MISSING,mandelbrot_v6..run,public,void,3,0,3,0,1,0,0,0,0,0,0,0,0,2,1,1,getAndIncrement,,"getAndIncrement,",0,1,0,0,0,0,0,0,0,0,0,0,0,0,0,0,0,https://benchmarksgame-team.pages.debian.net/benchmarksgame/program/mandelbrot-javavm-6.html,1000,16000,8500,/opt/src/jdk-23/bin/java -cp . mandelbrot,,
mandelbrot_v8,mandelbrot_v8,mandelbrot_v8.main,public,void,4,0,31,3,0,0,3,2,0,0,0,0,0,7,5,5,"parseInt,println,write,write,flush",,"parseInt,println,write,write,flush,",0,5,0,0,0,0,0,0,0,0,0,0,1,0,0,0,0,https://benchmarksgame-team.pages.debian.net/benchmarksgame/program/mandelbrot-javavm-8.html,1000,16000,8500,/opt/src/jdk-23/bin/java -cp . mandelbrot,62738.1109,1194881.74
nbody_v1,nbody_v1,nbody_v1.main,public,void,4,0,10,1,0,0,0,0,0,0,0,0,0,2,3,12,"getInstance,setMaximumFractionDigits,setMinimumFractionDigits,setGroupingUsed,parseInt,println,format,energy,advance,println,format,energy","energy,advance,energy,","getInstance,setMaximumFractionDigits,setMinimumFractionDigits,setGroupingUsed,parseInt,println,format,println,format,",3,9,0,0,0,0,0,0,0,0,0,0,1,0,0,1,0,https://benchmarksgame-team.pages.debian.net/benchmarksgame/program/nbody-javavm-1.html,500000,50000000,25250000,/opt/src/jdk-23/bin/java -cp . nbody,106.0543,1913.76
nbody_v1,NBodySystem_v1,NBodySystem_v1.advance,public,void,7,0,18,3,0,0,3,0,0,0,0,0,0,4,1,1,sqrt,,"sqrt,",0,1,0,0,0,0,0,0,0,0,0,0,0,0,0,0,0,https://benchmarksgame-team.pages.debian.net/benchmarksgame/program/nbody-javavm-1.html,500000,50000000,25250000,/opt/src/jdk-23/bin/java -cp . nbody,18021.60027,331436.08
nbody_v1,NBodySystem_v1,NBodySystem_v1.energy,public,double,6,0,11,2,0,0,3,0,0,0,1,0,0,3,2,1,sqrt,,"sqrt,",0,1,0,0,0,0,0,0,0,0,0,0,0,0,0,0,0,https://benchmarksgame-team.pages.debian.net/benchmarksgame/program/nbody-javavm-1.html,500000,50000000,25250000,/opt/src/jdk-23/bin/java -cp . nbody,0.06425,
nbody_v1,Body_v1,Body_v1.jupiter,default,Body_v1,7,0,9,0,0,0,0,0,0,0,1,0,0,1,1,0,,,,0,0,0,0,0,0,0,0,0,0,0,0,0,0,0,0,0,https://benchmarksgame-team.pages.debian.net/benchmarksgame/program/nbody-javavm-1.html,500000,50000000,25250000,/opt/src/jdk-23/bin/java -cp . nbody,,
nbody_v1,Body_v1,Body_v1.saturn,default,Body_v1,6,0,9,0,0,0,0,0,0,0,1,0,0,1,1,0,,,,0,0,0,0,0,0,0,0,0,0,0,0,0,0,0,0,0,https://benchmarksgame-team.pages.debian.net/benchmarksgame/program/nbody-javavm-1.html,500000,50000000,25250000,/opt/src/jdk-23/bin/java -cp . nbody,,
nbody_v1,Body_v1,Body_v1.uranus,default,Body_v1,6,0,9,0,0,0,0,0,0,0,1,0,0,1,1,0,,,,0,0,0,0,0,0,0,0,0,0,0,0,0,0,0,0,0,https://benchmarksgame-team.pages.debian.net/benchmarksgame/program/nbody-javavm-1.html,500000,50000000,25250000,/opt/src/jdk-23/bin/java -cp . nbody,,
nbody_v1,Body_v1,Body_v1.neptune,default,Body_v1,7,0,9,0,0,0,0,0,0,0,1,0,0,1,1,0,,,,0,0,0,0,0,0,0,0,0,0,0,0,0,0,0,0,0,https://benchmarksgame-team.pages.debian.net/benchmarksgame/program/nbody-javavm-1.html,500000,50000000,25250000,/opt/src/jdk-23/bin/java -cp . nbody,,
nbody_v1,Body_v1,Body_v1.sun,default,Body_v1,3,0,3,0,0,0,0,0,0,0,1,0,0,1,1,0,,,,0,0,0,0,0,0,0,0,0,0,0,0,0,0,0,0,0,https://benchmarksgame-team.pages.debian.net/benchmarksgame/program/nbody-javavm-1.html,500000,50000000,25250000,/opt/src/jdk-23/bin/java -cp . nbody,,
nbody_v1,Body_v1,Body_v1.offsetMomentum,default,Body_v1,14,0,4,0,0,0,0,0,0,0,1,0,0,1,0,0,,,,0,0,0,0,0,0,0,0,0,0,0,0,0,0,0,0,0,https://benchmarksgame-team.pages.debian.net/benchmarksgame/program/nbody-javavm-1.html,500000,50000000,25250000,/opt/src/jdk-23/bin/java -cp . nbody,0.0662,
nbody_v2,nbody_v2,nbody_v2.main,public,void,4,0,6,1,0,0,0,0,0,0,0,0,0,2,2,6,"parseInt,printf,energy,advance,printf,energy","energy,advance,energy,","parseInt,printf,printf,",3,3,0,0,0,0,0,0,0,0,0,0,1,0,0,0,0,https://benchmarksgame-team.pages.debian.net/benchmarksgame/program/nbody-javavm-2.html,500000,50000000,25250000,/opt/src/jdk-23/bin/java -cp . nbody,108.2711667,1931.52
nbody_v2,NBodySystem_v2,NBodySystem_v2.advance,public,void,7,0,19,3,0,0,3,0,0,0,0,0,0,3,7,1,sqrt,,"sqrt,",0,1,0,0,0,0,0,0,0,0,0,0,0,0,0,0,0,https://benchmarksgame-team.pages.debian.net/benchmarksgame/program/nbody-javavm-2.html,500000,50000000,25250000,/opt/src/jdk-23/bin/java -cp . nbody,17782.29847,312981.54
nbody_v2,NBodySystem_v2,NBodySystem_v2.energy,public,double,6,0,13,2,0,0,3,0,0,0,1,0,0,3,4,1,sqrt,,"sqrt,",0,1,0,0,0,0,0,0,0,0,0,0,0,0,0,0,0,https://benchmarksgame-team.pages.debian.net/benchmarksgame/program/nbody-javavm-2.html,500000,50000000,25250000,/opt/src/jdk-23/bin/java -cp . nbody,,
nbody_v2,Body_v2,Body_v2.jupiter,default,Body_v2,7,0,9,0,0,0,0,0,0,0,1,0,0,1,1,0,,,,0,0,0,0,0,0,0,0,0,0,0,0,0,0,0,0,0,https://benchmarksgame-team.pages.debian.net/benchmarksgame/program/nbody-javavm-2.html,500000,50000000,25250000,/opt/src/jdk-23/bin/java -cp . nbody,,
nbody_v2,Body_v2,Body_v2.saturn,default,Body_v2,6,0,9,0,0,0,0,0,0,0,1,0,0,1,1,0,,,,0,0,0,0,0,0,0,0,0,0,0,0,0,0,0,0,0,https://benchmarksgame-team.pages.debian.net/benchmarksgame/program/nbody-javavm-2.html,500000,50000000,25250000,/opt/src/jdk-23/bin/java -cp . nbody,,
nbody_v2,Body_v2,Body_v2.uranus,default,Body_v2,6,0,9,0,0,0,0,0,0,0,1,0,0,1,1,0,,,,0,0,0,0,0,0,0,0,0,0,0,0,0,0,0,0,0,https://benchmarksgame-team.pages.debian.net/benchmarksgame/program/nbody-javavm-2.html,500000,50000000,25250000,/opt/src/jdk-23/bin/java -cp . nbody,,
nbody_v2,Body_v2,Body_v2.neptune,default,Body_v2,7,0,9,0,0,0,0,0,0,0,1,0,0,1,1,0,,,,0,0,0,0,0,0,0,0,0,0,0,0,0,0,0,0,0,https://benchmarksgame-team.pages.debian.net/benchmarksgame/program/nbody-javavm-2.html,500000,50000000,25250000,/opt/src/jdk-23/bin/java -cp . nbody,,
nbody_v2,Body_v2,Body_v2.sun,default,Body_v2,3,0,3,0,0,0,0,0,0,0,1,0,0,1,1,0,,,,0,0,0,0,0,0,0,0,0,0,0,0,0,0,0,0,0,https://benchmarksgame-team.pages.debian.net/benchmarksgame/program/nbody-javavm-2.html,500000,50000000,25250000,/opt/src/jdk-23/bin/java -cp . nbody,,
nbody_v2,Body_v2,Body_v2.offsetMomentum,default,Body_v2,14,0,4,0,0,0,0,0,0,0,1,0,0,1,0,0,,,,0,0,0,0,0,0,0,0,0,0,0,0,0,0,0,0,0,https://benchmarksgame-team.pages.debian.net/benchmarksgame/program/nbody-javavm-2.html,500000,50000000,25250000,/opt/src/jdk-23/bin/java -cp . nbody,,
nbody_v3,nbody_v3,nbody_v3.main,public,void,4,0,6,1,0,0,0,0,0,0,0,0,0,2,2,6,"parseInt,printf,energy,advance,printf,energy","energy,advance,energy,","parseInt,printf,printf,",3,3,0,0,0,0,0,0,0,0,0,0,1,0,0,0,0,https://benchmarksgame-team.pages.debian.net/benchmarksgame/program/nbody-javavm-3.html,500000,50000000,25250000,/opt/src/jdk-23/bin/java -cp . nbody,110.2014667,2811.71
nbody_v3,NBodySystem_v3,NBodySystem_v3.advance,public,void,7,0,20,3,0,0,3,0,0,0,0,0,0,3,8,1,sqrt,,"sqrt,",0,1,0,0,0,0,0,0,0,0,0,0,0,0,0,0,0,https://benchmarksgame-team.pages.debian.net/benchmarksgame/program/nbody-javavm-3.html,500000,50000000,25250000,/opt/src/jdk-23/bin/java -cp . nbody,17664.7411,313180.86
nbody_v3,NBodySystem_v3,NBodySystem_v3.energy,public,double,6,0,13,2,0,0,3,0,0,0,1,0,0,3,4,1,sqrt,,"sqrt,",0,1,0,0,0,0,0,0,0,0,0,0,0,0,0,0,0,https://benchmarksgame-team.pages.debian.net/benchmarksgame/program/nbody-javavm-3.html,500000,50000000,25250000,/opt/src/jdk-23/bin/java -cp . nbody,0.2394,
nbody_v3,Body_v3,Body_v3.jupiter,default,Body_v3,7,0,9,0,0,0,0,0,0,0,1,0,0,1,1,0,,,,0,0,0,0,0,0,0,0,0,0,0,0,0,0,0,0,0,https://benchmarksgame-team.pages.debian.net/benchmarksgame/program/nbody-javavm-3.html,500000,50000000,25250000,/opt/src/jdk-23/bin/java -cp . nbody,,
nbody_v3,Body_v3,Body_v3.saturn,default,Body_v3,6,0,9,0,0,0,0,0,0,0,1,0,0,1,1,0,,,,0,0,0,0,0,0,0,0,0,0,0,0,0,0,0,0,0,https://benchmarksgame-team.pages.debian.net/benchmarksgame/program/nbody-javavm-3.html,500000,50000000,25250000,/opt/src/jdk-23/bin/java -cp . nbody,,
nbody_v3,Body_v3,Body_v3.uranus,default,Body_v3,6,0,9,0,0,0,0,0,0,0,1,0,0,1,1,0,,,,0,0,0,0,0,0,0,0,0,0,0,0,0,0,0,0,0,https://benchmarksgame-team.pages.debian.net/benchmarksgame/program/nbody-javavm-3.html,500000,50000000,25250000,/opt/src/jdk-23/bin/java -cp . nbody,,
nbody_v3,Body_v3,Body_v3.neptune,default,Body_v3,7,0,9,0,0,0,0,0,0,0,1,0,0,1,1,0,,,,0,0,0,0,0,0,0,0,0,0,0,0,0,0,0,0,0,https://benchmarksgame-team.pages.debian.net/benchmarksgame/program/nbody-javavm-3.html,500000,50000000,25250000,/opt/src/jdk-23/bin/java -cp . nbody,,
nbody_v3,Body_v3,Body_v3.sun,default,Body_v3,3,0,3,0,0,0,0,0,0,0,1,0,0,1,1,0,,,,0,0,0,0,0,0,0,0,0,0,0,0,0,0,0,0,0,https://benchmarksgame-team.pages.debian.net/benchmarksgame/program/nbody-javavm-3.html,500000,50000000,25250000,/opt/src/jdk-23/bin/java -cp . nbody,,
nbody_v3,Body_v3,Body_v3.offsetMomentum,default,Body_v3,14,0,4,0,0,0,0,0,0,0,1,0,0,1,0,0,,,,0,0,0,0,0,0,0,0,0,0,0,0,0,0,0,0,0,https://benchmarksgame-team.pages.debian.net/benchmarksgame/program/nbody-javavm-3.html,500000,50000000,25250000,/opt/src/jdk-23/bin/java -cp . nbody,,
nbody_v4,nbody_v4,nbody_v4.main,public,void,4,0,6,1,0,0,0,0,0,0,0,0,0,2,2,6,"parseInt,printf,energy,advance,printf,energy","energy,advance,energy,","parseInt,printf,printf,",3,3,0,0,0,0,0,0,0,0,0,0,1,0,0,0,0,https://benchmarksgame-team.pages.debian.net/benchmarksgame/program/nbody-javavm-4.html,500000,50000000,25250000,/opt/src/jdk-23/bin/java -cp . nbody,1168.745,2764.02
nbody_v4,NBodySystem_v4,NBodySystem_v4.advance,public,void,7,0,25,3,0,0,3,0,0,0,0,0,0,4,13,1,sqrt,,"sqrt,",0,1,0,0,0,0,0,0,0,0,0,0,0,0,0,0,0,https://benchmarksgame-team.pages.debian.net/benchmarksgame/program/nbody-javavm-4.html,500000,50000000,25250000,/opt/src/jdk-23/bin/java -cp . nbody,15908.65077,299834.83
nbody_v4,NBodySystem_v4,NBodySystem_v4.energy,public,double,6,0,13,2,0,0,3,0,0,0,1,0,0,3,4,1,sqrt,,"sqrt,",0,1,0,0,0,0,0,0,0,0,0,0,0,0,0,0,0,https://benchmarksgame-team.pages.debian.net/benchmarksgame/program/nbody-javavm-4.html,500000,50000000,25250000,/opt/src/jdk-23/bin/java -cp . nbody,0.1768,
nbody_v4,Body_v4,Body_v4.jupiter,default,Body_v4,7,0,9,0,0,0,0,0,0,0,1,0,0,1,1,0,,,,0,0,0,0,0,0,0,0,0,0,0,0,0,0,0,0,0,https://benchmarksgame-team.pages.debian.net/benchmarksgame/program/nbody-javavm-4.html,500000,50000000,25250000,/opt/src/jdk-23/bin/java -cp . nbody,,
nbody_v4,Body_v4,Body_v4.saturn,default,Body_v4,6,0,9,0,0,0,0,0,0,0,1,0,0,1,1,0,,,,0,0,0,0,0,0,0,0,0,0,0,0,0,0,0,0,0,https://benchmarksgame-team.pages.debian.net/benchmarksgame/program/nbody-javavm-4.html,500000,50000000,25250000,/opt/src/jdk-23/bin/java -cp . nbody,,
nbody_v4,Body_v4,Body_v4.uranus,default,Body_v4,6,0,9,0,0,0,0,0,0,0,1,0,0,1,1,0,,,,0,0,0,0,0,0,0,0,0,0,0,0,0,0,0,0,0,https://benchmarksgame-team.pages.debian.net/benchmarksgame/program/nbody-javavm-4.html,500000,50000000,25250000,/opt/src/jdk-23/bin/java -cp . nbody,,
nbody_v4,Body_v4,Body_v4.neptune,default,Body_v4,7,0,9,0,0,0,0,0,0,0,1,0,0,1,1,0,,,,0,0,0,0,0,0,0,0,0,0,0,0,0,0,0,0,0,https://benchmarksgame-team.pages.debian.net/benchmarksgame/program/nbody-javavm-4.html,500000,50000000,25250000,/opt/src/jdk-23/bin/java -cp . nbody,,
nbody_v4,Body_v4,Body_v4.sun,default,Body_v4,3,0,3,0,0,0,0,0,0,0,1,0,0,1,1,0,,,,0,0,0,0,0,0,0,0,0,0,0,0,0,0,0,0,0,https://benchmarksgame-team.pages.debian.net/benchmarksgame/program/nbody-javavm-4.html,500000,50000000,25250000,/opt/src/jdk-23/bin/java -cp . nbody,,
nbody_v4,Body_v4,Body_v4.offsetMomentum,default,Body_v4,14,0,4,0,0,0,0,0,0,0,1,0,0,1,0,0,,,,0,0,0,0,0,0,0,0,0,0,0,0,0,0,0,0,0,https://benchmarksgame-team.pages.debian.net/benchmarksgame/program/nbody-javavm-4.html,500000,50000000,25250000,/opt/src/jdk-23/bin/java -cp . nbody,0.0555,
nbody_v5,nbody_v5,nbody_v5.main,public,void,4,0,6,1,0,0,0,0,0,0,0,0,0,2,2,6,"parseInt,printf,energy,advance,printf,energy","energy,advance,energy,","parseInt,printf,printf,",3,3,0,0,0,0,0,0,0,0,0,0,1,0,0,0,0,https://benchmarksgame-team.pages.debian.net/benchmarksgame/program/nbody-javavm-5.html,500000,50000000,25250000,/opt/src/jdk-23/bin/java -cp . nbody,1876.8039,2489.3
nbody_v5,nbody_v5.NBodySystem_v5,nbody_v5.NBodySystem_v5.advance,public,void,7,0,25,3,0,0,3,0,0,0,0,0,0,4,13,1,sqrt,,"sqrt,",0,1,0,0,0,0,0,0,0,0,0,0,0,0,0,0,0,https://benchmarksgame-team.pages.debian.net/benchmarksgame/program/nbody-javavm-5.html,500000,50000000,25250000,/opt/src/jdk-23/bin/java -cp . nbody,16240.66417,323129.03
nbody_v5,nbody_v5.NBodySystem_v5,nbody_v5.NBodySystem_v5.energy,public,double,6,0,22,2,0,0,3,0,0,0,1,0,0,3,13,1,sqrt,,"sqrt,",0,1,0,0,0,0,0,0,0,0,0,0,0,0,0,0,0,https://benchmarksgame-team.pages.debian.net/benchmarksgame/program/nbody-javavm-5.html,500000,50000000,25250000,/opt/src/jdk-23/bin/java -cp . nbody,0.070066667,
nbody_v8,nbody_v8,nbody_v8.offsetMomentum,default,void,14,0,13,1,0,0,0,0,0,0,0,0,0,2,4,0,,,,0,0,0,0,0,0,0,0,0,0,0,0,0,0,0,0,0,https://benchmarksgame-team.pages.debian.net/benchmarksgame/program/nbody-javavm-8.html,500000,50000000,25250000,/opt/src/jdk-23/bin/java -cp . nbody,,
nbody_v8,nbody_v8,nbody_v8.energy,default,double,6,0,13,2,0,0,3,0,0,0,1,0,0,3,8,1,sqrt,,"sqrt,",0,1,0,0,0,0,0,0,0,0,0,0,0,0,0,0,0,https://benchmarksgame-team.pages.debian.net/benchmarksgame/program/nbody-javavm-8.html,500000,50000000,25250000,/opt/src/jdk-23/bin/java -cp . nbody,0.22985,
nbody_v8,nbody_v8,nbody_v8.advance,default,void,7,0,20,3,0,0,3,0,0,0,0,0,0,4,8,1,sqrt,,"sqrt,",0,1,0,0,0,0,0,0,0,0,0,0,0,0,0,0,0,https://benchmarksgame-team.pages.debian.net/benchmarksgame/program/nbody-javavm-8.html,500000,50000000,25250000,/opt/src/jdk-23/bin/java -cp . nbody,16535.41653,182797.2
nbody_v8,nbody_v8,nbody_v8.nbody_v8,default,void,8,0,6,1,0,0,0,0,0,0,0,0,0,2,1,6,"offsetMomentum,energy,advance,energy,printf,printf","offsetMomentum,energy,advance,energy,","printf,printf,",4,2,0,0,0,0,0,0,0,0,0,0,0,0,0,0,0,https://benchmarksgame-team.pages.debian.net/benchmarksgame/program/nbody-javavm-8.html,500000,50000000,25250000,/opt/src/jdk-23/bin/java -cp . nbody,1379.190633,137391.21
nbody_v8,nbody_v8,nbody_v8.main,public,void,4,0,2,0,0,0,0,0,0,0,0,0,0,1,1,2,"nbody_v8,parseInt","nbody_v8,","parseInt,",1,1,0,0,0,0,0,0,0,0,0,0,1,0,0,0,0,https://benchmarksgame-team.pages.debian.net/benchmarksgame/program/nbody-javavm-8.html,500000,50000000,25250000,/opt/src/jdk-23/bin/java -cp . nbody,,
pidigits_v1,pidigits_v1,pidigits_v1.main,public,void,4,0,17,3,1,0,0,1,0,0,0,0,0,6,3,8,"parseInt,print,next,print,next,print,print,println","next,next,","parseInt,print,print,print,print,println,",2,6,0,0,0,0,0,0,0,0,0,0,1,0,0,0,0,https://benchmarksgame-team.pages.debian.net/benchmarksgame/program/pidigits-javavm-1.html,2000,10000,6000,/opt/src/jdk-23/bin/java --enable-native-access=ALL-UNNAMED -Djava.library.path=Include/java -cp . pidigits,1.4003,23.04
pidigits_v1,PiDigitSpigot_v1,PiDigitSpigot_v1.next,public,int,4,0,7,0,0,0,0,1,0,0,2,0,0,2,1,5,"digit,isSafe,produce,next,next","digit,isSafe,produce,next,next,",,5,0,0,0,0,0,0,0,0,0,0,0,0,0,0,0,0,https://benchmarksgame-team.pages.debian.net/benchmarksgame/program/pidigits-javavm-1.html,2000,10000,6000,/opt/src/jdk-23/bin/java --enable-native-access=ALL-UNNAMED -Djava.library.path=Include/java -cp . pidigits,11.65906667,124.76
pidigits_v1,PiDigitSpigot_v1,PiDigitSpigot_v1.digit,public,int,5,0,1,0,0,0,0,0,0,0,1,0,0,1,0,1,extract,"extract,",,1,0,0,0,0,0,0,0,0,0,0,0,0,0,0,0,0,https://benchmarksgame-team.pages.debian.net/benchmarksgame/program/pidigits-javavm-1.html,2000,10000,6000,/opt/src/jdk-23/bin/java --enable-native-access=ALL-UNNAMED -Djava.library.path=Include/java -cp . pidigits,0.0614,
pidigits_v1,PiDigitSpigot_v1,PiDigitSpigot_v1.isSafe,public,boolean,6,0,1,0,0,0,0,0,0,0,1,0,0,1,0,1,extract,"extract,",,1,0,0,0,0,0,0,0,0,0,0,0,0,0,0,0,0,https://benchmarksgame-team.pages.debian.net/benchmarksgame/program/pidigits-javavm-1.html,2000,10000,6000,/opt/src/jdk-23/bin/java --enable-native-access=ALL-UNNAMED -Djava.library.path=Include/java -cp . pidigits,,
pidigits_v1,PiDigitSpigot_v1,PiDigitSpigot_v1.produce,public,Transformation_v1,7,0,1,0,0,0,0,0,0,0,1,0,0,1,0,2,"compose,qrst","compose,qrst,",,2,0,0,0,0,0,0,0,0,0,0,0,0,0,0,0,0,https://benchmarksgame-team.pages.debian.net/benchmarksgame/program/pidigits-javavm-1.html,2000,10000,6000,/opt/src/jdk-23/bin/java --enable-native-access=ALL-UNNAMED -Djava.library.path=Include/java -cp . pidigits,3.484,
pidigits_v1,PiDigitSpigot_v1,PiDigitSpigot_v1.consume,public,Transformation_v1,7,0,1,0,0,0,0,0,0,0,1,0,0,1,0,1,compose,"compose,",,1,0,0,0,0,0,0,0,0,0,0,0,0,0,0,0,0,https://benchmarksgame-team.pages.debian.net/benchmarksgame/program/pidigits-javavm-1.html,2000,10000,6000,/opt/src/jdk-23/bin/java --enable-native-access=ALL-UNNAMED -Djava.library.path=Include/java -cp . pidigits,8.15035,
pidigits_v1,Transformation_v1,Transformation_v1.next,public,Transformation_v1,4,0,6,0,0,0,0,0,0,0,1,0,0,1,0,4,"valueOf,valueOf,valueOf,valueOf",,"valueOf,valueOf,valueOf,valueOf,",0,4,0,0,0,0,0,0,0,0,0,0,0,0,0,0,0,https://benchmarksgame-team.pages.debian.net/benchmarksgame/program/pidigits-javavm-1.html,2000,10000,6000,/opt/src/jdk-23/bin/java --enable-native-access=ALL-UNNAMED -Djava.library.path=Include/java -cp . pidigits,0.0675,24.02
pidigits_v1,Transformation_v1,Transformation_v1.extract,public,int,7,0,4,0,0,0,0,0,0,0,1,0,0,1,3,7,"add,add,intValue,valueOf,multiply,multiply,divide",,"add,add,intValue,valueOf,multiply,multiply,divide,",0,7,0,0,0,0,0,0,0,0,0,0,0,0,0,0,1,https://benchmarksgame-team.pages.debian.net/benchmarksgame/program/pidigits-javavm-1.html,2000,10000,6000,/opt/src/jdk-23/bin/java --enable-native-access=ALL-UNNAMED -Djava.library.path=Include/java -cp . pidigits,56.003,187.18
pidigits_v1,Transformation_v1,Transformation_v1.qrst,public,Transformation_v1,4,0,6,0,0,0,0,0,0,0,1,0,0,1,0,4,"valueOf,valueOf,valueOf,valueOf",,"valueOf,valueOf,valueOf,valueOf,",0,4,0,0,0,0,0,0,0,0,0,0,0,0,0,0,0,https://benchmarksgame-team.pages.debian.net/benchmarksgame/program/pidigits-javavm-1.html,2000,10000,6000,/opt/src/jdk-23/bin/java --enable-native-access=ALL-UNNAMED -Djava.library.path=Include/java -cp . pidigits,0.10555,246.22
pidigits_v1,Transformation_v1,Transformation_v1.compose,public,Transformation_v1,7,0,1,0,0,0,0,0,0,0,1,0,0,1,0,7,"multiply,multiply,multiply,multiply,multiply,multiply,multiply",,"multiply,multiply,multiply,multiply,multiply,multiply,multiply,",0,7,0,0,0,0,0,0,0,0,0,0,0,0,0,0,0,https://benchmarksgame-team.pages.debian.net/benchmarksgame/program/pidigits-javavm-1.html,2000,10000,6000,/opt/src/jdk-23/bin/java --enable-native-access=ALL-UNNAMED -Djava.library.path=Include/java -cp . pidigits,41.7935,171.85
spectralnorm_v1,spectralnorm_v1,spectralnorm_v1.main,public,void,4,0,4,0,0,0,0,1,0,0,0,0,0,2,1,4,"Approximate,parseInt,println,format","Approximate,","parseInt,println,format,",1,3,0,0,0,0,0,0,0,0,0,0,1,0,0,0,0,https://benchmarksgame-team.pages.debian.net/benchmarksgame/program/spectralnorm-javavm-1.html,500,5500,3000,/opt/src/jdk-23/bin/java -cp . spectralnorm,,
spectralnorm_v1,spectralnorm_v1,spectralnorm_v1.Approximate,private,double,11,0,14,4,0,0,0,0,0,0,1,0,0,5,3,3,"MultiplyAtAv,MultiplyAtAv,sqrt","MultiplyAtAv,MultiplyAtAv,","sqrt,",2,1,0,0,0,0,0,0,0,0,0,0,0,0,0,0,0,https://benchmarksgame-team.pages.debian.net/benchmarksgame/program/spectralnorm-javavm-1.html,500,5500,3000,/opt/src/jdk-23/bin/java -cp . spectralnorm,0.401566667,4.0
spectralnorm_v1,spectralnorm_v1,spectralnorm_v1.A,private,double,1,0,1,0,0,0,0,0,0,0,1,0,0,1,0,0,,,,0,0,0,0,0,0,0,0,0,0,0,0,0,0,0,0,0,https://benchmarksgame-team.pages.debian.net/benchmarksgame/program/spectralnorm-javavm-1.html,500,5500,3000,/opt/src/jdk-23/bin/java -cp . spectralnorm,,35001.3
spectralnorm_v1,spectralnorm_v1,spectralnorm_v1.MultiplyAv,private,void,10,0,4,2,0,0,3,0,0,0,0,0,0,3,0,1,A,"A,",,1,0,0,0,0,0,0,0,0,0,0,0,0,0,0,0,0,https://benchmarksgame-team.pages.debian.net/benchmarksgame/program/spectralnorm-javavm-1.html,500,5500,3000,/opt/src/jdk-23/bin/java -cp . spectralnorm,2540.9405,28848.17
spectralnorm_v1,spectralnorm_v1,spectralnorm_v1.MultiplyAtv,private,void,11,0,4,2,0,0,3,0,0,0,0,0,0,3,0,1,A,"A,",,1,0,0,0,0,0,0,0,0,0,0,0,0,0,0,0,0,https://benchmarksgame-team.pages.debian.net/benchmarksgame/program/spectralnorm-javavm-1.html,500,5500,3000,/opt/src/jdk-23/bin/java -cp . spectralnorm,4120.177267,70158.45
spectralnorm_v1,spectralnorm_v1,spectralnorm_v1.MultiplyAtAv,private,void,12,0,3,0,0,0,0,0,0,0,0,0,0,1,1,2,"MultiplyAv,MultiplyAtv","MultiplyAv,MultiplyAtv,",,2,0,0,0,0,0,0,0,0,0,0,0,0,0,0,0,0,https://benchmarksgame-team.pages.debian.net/benchmarksgame/program/spectralnorm-javavm-1.html,500,5500,3000,/opt/src/jdk-23/bin/java -cp . spectralnorm,0.37265,
spectralnorm_v2,spectralnorm_v2,spectralnorm_v2.main,public,void,4,0,4,0,0,0,0,1,0,0,0,0,0,2,1,4,"spectralnormGame,parseInt,println,format","spectralnormGame,","parseInt,println,format,",1,3,0,0,0,0,0,0,0,0,0,0,1,0,0,0,0,https://benchmarksgame-team.pages.debian.net/benchmarksgame/program/spectralnorm-javavm-2.html,500,5500,3000,/opt/src/jdk-23/bin/java -cp . spectralnorm,,
spectralnorm_v2,spectralnorm_v2,spectralnorm_v2.spectralnormGame,private,double,16,0,21,3,0,0,0,0,0,0,1,0,1,6,9,5,"availableProcessors,join,getRuntime,printStackTrace,sqrt",,"availableProcessors,join,getRuntime,printStackTrace,sqrt,",0,5,0,0,0,0,0,0,0,0,0,0,0,0,0,0,0,https://benchmarksgame-team.pages.debian.net/benchmarksgame/program/spectralnorm-javavm-2.html,500,5500,3000,/opt/src/jdk-23/bin/java -cp . spectralnorm,17.78306667,17.68
spectralnorm_v2,spectralnorm_v2.Approximate,spectralnorm_v2.Approximate.run,public,void,3,0,6,2,0,0,0,0,0,0,0,0,0,3,0,2,"MultiplyAtAv,MultiplyAtAv","MultiplyAtAv,MultiplyAtAv,",,2,0,0,0,0,0,0,0,0,0,0,0,0,0,0,0,0,https://benchmarksgame-team.pages.debian.net/benchmarksgame/program/spectralnorm-javavm-2.html,500,5500,3000,/opt/src/jdk-23/bin/java -cp . spectralnorm,0.0,21.17
spectralnorm_v2,spectralnorm_v2.Approximate,spectralnorm_v2.Approximate.eval_A,private,double,6,0,2,0,0,0,0,0,0,0,1,0,0,1,1,0,,,,0,0,0,0,0,0,0,0,0,0,0,0,0,0,0,0,0,https://benchmarksgame-team.pages.debian.net/benchmarksgame/program/spectralnorm-javavm-2.html,500,5500,3000,/opt/src/jdk-23/bin/java -cp . spectralnorm,,138546.57
spectralnorm_v2,spectralnorm_v2.Approximate,spectralnorm_v2.Approximate.MultiplyAv,private,void,10,0,5,2,0,0,3,0,0,0,0,0,0,3,1,1,eval_A,"eval_A,",,1,0,0,0,0,0,0,0,0,0,0,0,0,0,0,0,0,https://benchmarksgame-team.pages.debian.net/benchmarksgame/program/spectralnorm-javavm-2.html,500,5500,3000,/opt/src/jdk-23/bin/java -cp . spectralnorm,392.7340333,68737.83
spectralnorm_v2,spectralnorm_v2.Approximate,spectralnorm_v2.Approximate.MultiplyAtv,private,void,11,0,5,2,0,0,3,0,0,0,0,0,0,3,1,1,eval_A,"eval_A,",,1,0,0,0,0,0,0,0,0,0,0,0,0,0,0,0,0,https://benchmarksgame-team.pages.debian.net/benchmarksgame/program/spectralnorm-javavm-2.html,500,5500,3000,/opt/src/jdk-23/bin/java -cp . spectralnorm,325.0344667,110934.79
spectralnorm_v2,spectralnorm_v2.Approximate,spectralnorm_v2.Approximate.MultiplyAtAv,private,void,12,0,5,0,0,0,0,0,0,0,0,0,1,2,0,5,"MultiplyAv,MultiplyAtv,await,await,printStackTrace","MultiplyAv,MultiplyAtv,","await,await,printStackTrace,",2,3,0,0,0,0,0,0,0,0,0,0,0,0,0,0,0,https://benchmarksgame-team.pages.debian.net/benchmarksgame/program/spectralnorm-javavm-2.html,500,5500,3000,/opt/src/jdk-23/bin/java -cp . spectralnorm,0.0,
spectralnorm_v3,spectralnorm_v3,spectralnorm_v3.main,public,void,4,0,15,3,0,0,0,0,0,0,0,0,0,5,5,6,"aTimesTransp,aTimesTransp,parseInt,println,format,sqrt","aTimesTransp,aTimesTransp,","parseInt,println,format,sqrt,",2,4,0,0,0,0,0,0,0,0,0,0,1,0,0,0,0,https://benchmarksgame-team.pages.debian.net/benchmarksgame/program/spectralnorm-javavm-3.html,500,5500,3000,/opt/src/jdk-23/bin/java -cp . spectralnorm,1.300133333,12.19
spectralnorm_v3,spectralnorm_v3,spectralnorm_v3.aTimesTransp,private,void,12,0,12,4,0,0,0,0,0,0,0,0,0,5,2,4,"start,join,start,join",,"start,join,start,join,",0,4,0,0,0,0,0,0,0,0,0,0,0,0,0,0,0,https://benchmarksgame-team.pages.debian.net/benchmarksgame/program/spectralnorm-javavm-3.html,500,5500,3000,/opt/src/jdk-23/bin/java -cp . spectralnorm,8.8096,102.27
spectralnorm_v3,spectralnorm_v3.Times,spectralnorm_v3.Times.run,public,void,3,0,10,2,0,0,3,1,0,0,0,0,0,4,2,2,"a,a","a,a,",,2,0,0,0,0,0,0,0,0,0,0,0,0,0,0,0,0,https://benchmarksgame-team.pages.debian.net/benchmarksgame/program/spectralnorm-javavm-3.html,500,5500,3000,/opt/src/jdk-23/bin/java -cp . spectralnorm,0.0,127151.47
spectralnorm_v3,spectralnorm_v3.Times,spectralnorm_v3.Times.a,private,int,1,0,1,0,0,0,0,0,0,0,1,0,0,1,0,0,,,,0,0,0,0,0,0,0,0,0,0,0,0,0,0,0,0,0,https://benchmarksgame-team.pages.debian.net/benchmarksgame/program/spectralnorm-javavm-3.html,500,5500,3000,/opt/src/jdk-23/bin/java -cp . spectralnorm,,57414.07
spectralnorm_v8,spectralnorm_v8,spectralnorm_v8.eval_A,default,double,6,0,1,0,0,0,0,0,0,0,1,0,0,1,0,0,,,,0,0,0,0,0,0,0,0,0,0,0,0,0,0,0,0,0,https://benchmarksgame-team.pages.debian.net/benchmarksgame/program/spectralnorm-javavm-8.html,500,5500,3000,/opt/src/jdk-23/bin/java -cp . spectralnorm,,35013.61
spectralnorm_v8,spectralnorm_v8,spectralnorm_v8.eval_A_times_u,default,void,14,0,5,2,0,0,3,0,0,0,0,0,0,3,1,1,eval_A,"eval_A,",,1,0,0,0,0,0,0,0,0,0,0,0,0,0,0,0,0,https://benchmarksgame-team.pages.debian.net/benchmarksgame/program/spectralnorm-javavm-8.html,500,5500,3000,/opt/src/jdk-23/bin/java -cp . spectralnorm,2517.463367,28981.21
spectralnorm_v8,spectralnorm_v8,spectralnorm_v8.eval_At_times_u,default,void,15,0,5,2,0,0,3,0,0,0,0,0,0,3,1,1,eval_A,"eval_A,",,1,0,0,0,0,0,0,0,0,0,0,0,0,0,0,0,0,https://benchmarksgame-team.pages.debian.net/benchmarksgame/program/spectralnorm-javavm-8.html,500,5500,3000,/opt/src/jdk-23/bin/java -cp . spectralnorm,4085.4025,70250.86
spectralnorm_v8,spectralnorm_v8,spectralnorm_v8.eval_AtA_times_u,default,void,16,0,3,0,0,0,0,0,0,0,0,0,0,1,1,2,"eval_A_times_u,eval_At_times_u","eval_A_times_u,eval_At_times_u,",,2,0,0,0,0,0,0,0,0,0,0,0,0,0,0,0,0,https://benchmarksgame-team.pages.debian.net/benchmarksgame/program/spectralnorm-javavm-8.html,500,5500,3000,/opt/src/jdk-23/bin/java -cp . spectralnorm,0.316566667,
spectralnorm_v8,spectralnorm_v8,spectralnorm_v8.main,public,void,4,0,17,3,0,0,0,0,0,0,0,0,0,5,6,5,"parseInt,eval_AtA_times_u,eval_AtA_times_u,printf,sqrt","eval_AtA_times_u,eval_AtA_times_u,","parseInt,printf,sqrt,",2,3,0,0,0,0,0,0,0,0,0,0,1,0,0,0,0,https://benchmarksgame-team.pages.debian.net/benchmarksgame/program/spectralnorm-javavm-8.html,500,5500,3000,/opt/src/jdk-23/bin/java -cp . spectralnorm,0.402833333,
